{
    "meta": "pls",
    "ncomp": 6,
    "tol": 1e-06,
    "x_mean_": [
        0.9523467098946219,
        0.13590323205945476,
        0.18392609702838852,
        0.9030425592368024,
        0.48767940138929505,
        0.8605640927434729,
        0.8581571337904647
    ],
    "x_std_": [
        0.3345469010897141,
        0.05521932296834846,
        0.06775522836565334,
        0.3165136071316061,
        0.16648917503845562,
        0.3020194874128367,
        0.31028811517034594
    ],
    "coef_": [
        4.0358765681286535,
        -0.5125513475865303,
        3.6090767297714232,
        -5.46499205309319,
        -6.03667855374145,
        5.2855188739305925,
        3.652797362866919
    ],
    "y_mean_": [
        11.817350157728708
    ],
    "feature": [
        574,
        597,
        594,
        572,
        586,
        580,
        534
    ]
}